CODE,COMPANY NAME,STATUS,LAST PRICE,OUTSTANDING SHARES,MARKET CAPITALIZATION,SECTOR,SUBSECTOR,FISCAL YEAR,CASH AND EQUIVALENTS,CURRENT ASSETS,FIXED ASSETS,LONG-TERM INVESTMENTS,TOTAL ASSETS,CURRENT DEBT,CURRENT LIABILITIES,LONG-TERM DEBT,TOTAL LIABILITIES,EQUITY ATTRIBUTABLE TO PARENT,TOTAL EQUITY,REVENUE,OPERATING INCOME,INCOME ON EQUITY INVESTMENTS,NET INCOME ATTRIBUTABLE TO PARENT,TOTAL NET INCOME,DEPRECIATION AND AMORTIZATION,CASH FLOW FROM OPERATING ACTIVITIES,CAPITAL EXPENDITURES,CASH FLOW FROM INVESTING ACTIVITIES,DEBT ISSUED,DEBT REPAID,STOCK BUYBACK,TOTAL DIVIDENDS PAID,CASH FLOW FROM FINANCING ACTIVITIES
FMETF,"First Metro Philippine Equity Exchange Traded Fund, Inc.",O,93.8,16851260,1580648188,ETF-Equity,ETF-Equity,January-December,,,,,1293494791,,,,5631772,1287863019,1287863019,314629764,,,306415304,306415304,,-20778060,,,,,,,-3385360
AUB,Asia United Bank Corporation,O,47,485310538,22809595286,Financials,Banks,January-December,,,1982000000,49682000000,273839000000,511000000,,15370000000,239956000000,33745000000,33883000000,14196000000,5651000000,,4530000000,4522000000,174800000,5145000000,-422000000,-29303000000,3246200000,-242000000,,-874000000,34027000000
BDO,"BDO Unibank, Inc.",O,98.5,4383335563,431758552956,Financials,Banks,January-December,,,45811000000,446541000000,3286810000000,,,198637000000,2914594000000,370582000000,372216000000,162473000000,59726000000,631000000,43197000000,43175000000,1564000000,59944000000,-4972000000,-270544000000,94154000000,-62228000000,,-5595000000,223081000000
BKR,Bright Kindle Resources & Investments Inc.,O,0.72,1528474000,1100501280,Financials,Other Financial Institutions,January-December,0,,42000000,,2604000000,1672000000,,,1674000000,930000000,930000000,700,-6870800,-107190700,-114061200,-114061200,1484581,79700,-60300,-60300,,,,,
BLFI,"BDO Leasing and Finance, Inc.",S,3.16,2162475312,6833421986,Financials,Other Financial Institutions,January-December,328000000,,1736000000,3541000000,28998000000,18298000000,,4639000000,23350000000,5648000000,5648000000,2933000000,242600000,,154200000,154200000,207100000,7624110800,-473846900,301366700,172614900000,-2868100000,,-216200000,-7850270500
BPI,Bank of the Philippine Islands,O,70.85,4513100378,319753161781,Financials,Banks,January-December,,,22844000000,360423000000,2191756000000,,,146425000000,1915628000000,272698000000,276128000000,102169000000,38025000000,,28465000000,28677000000,1309100000,60614000000,-13087000000,-106219000000,83384000000,5774000000,,-12167000000,61520000000
CHIB,China Banking Corporation,O,21.95,2685899812,58955500873,Financials,Banks,January-December,,,9003000000,246940000000,984225000000,44478000000,,37442000000,887420000000,96789000000,96805000000,48437000000,12262000000,185000000,10427000000,10435000000,320000000,5885000000,1393000000,-99554000000,24224800000,-164859900000,,-2364000000,78363000000
COL,"COL Financial Group, Inc.",O,17.5,476000000,8330000000,Financials,Other Financial Institutions,January-December,8630000000,,149000000,216000000,10149000000,21000000,,36000000,8403000000,1724000000,1746000000,1106438800,631435700,,458776200,458374800,14509692,-636168900,-50144900,-27636400,,,,-404600000,-432162600
CSB,"Citystate Savings Bank, Inc.",O,8.44,100000000,844000000,Financials,Banks,January-December,,,178000000,384000000,4280000000,37000000,,,3622000000,658000000,658000000,235412900,-50278500,,-54407900,-54407900,8500000,-140976900,-38584000,-352553500,,,,,-218046400
EIB-AB,"Export and Industry Bank, Inc.",S,,18937810160,1431689353,Financials,Banks,January-December,,3646100000,,,27664500000,,17493300000,,26990300000,674100000,674100000,570000000,,,-968400000,-968400000,162533333,2481733333,0,268133333,,,,,-2094266667
EW,East West Banking Corporation,O,7.43,2249975411,16717317304,Financials,Banks,January-December,,,5227000000,54053000000,384136000000,20229000000,,8157000000,332963000000,51172000000,51172000000,30882000000,9142000000,-354000000,7206000000,7206000000,504500000,5526000000,-300000000,-29144000000,3670000000,-1212000000,,,8977000000
FAF,First Abacus Financial Holdings Corporation,O,0.485,1193200000,578702000,Financials,Other Financial Institutions,January-December,138000000,,43000000,2301000000,5375000000,4409000000,,,4864000000,511000000,511000000,224554700,-416921600,,-472713500,-466574100,11151645,67746600,-7329600,-187773200,608515735,-454500000,,,363864800
FERRO,"Ferronoux Holdings, Inc.",O,2.58,261824002,675505925,Financials,Other Financial Institutions,January-December,79900,,,,137327400,,,,3221300,134106100,134106100,6653700,440900,,433500,433500,,5800,,,,,,,
FFI,"Filipino Fund, Inc.",O,6.11,50167397,306522796,Financials,Other Financial Institutions,January-December,,,,,237859071,,,,1612725,236246346,236246346,2760716,,,-2451622,-2451622,0,-3583305,0,0,,,,,0
I,"I-Remit, Inc.",O,1.03,611639122,629988296,Financials,Other Financial Institutions,January-December,1491000000,2386000000,25000000,13000000,2688000000,1145000000,1341000000,,1348000000,1341000000,1341000000,742681900,-138248500,2057500,-35135300,-35135300,13619600,-188887500,-21577200,-17720900,1561000000,151100000,,,-180000000
MBT,Metropolitan Bank & Trust Company,O,37.2,4497415555,167303858646,Financials,Banks,January-December,,,25650000000,565542000000,2376664000000,152078000000,,119119000000,2057584000000,304542000000,319080000000,116873000000,37462000000,868000000,27424000000,28255000000,886000000,1682000000,-3994000000,-171894000000,52499000000,-22000000000,-1000000,-4497000000,131918000000
MED,"MEDCO Holdings, Inc.",O,0.3,3159292441,947787732,Financials,Other Financial Institutions,January-December,14840100,,,43457300,59028100,,,,4665100,54363000,54363000,9432700,3983700,,3896800,3896800,,3860100,,,,,,,
MFC,Manulife Financial Corporation,O,610,1939463693,1183072852730,Financials,Other Financial Institutions,January-December,,,,,29002175980800,,,407532840000,26934601452000,2038659981600,2081884279200,2718668172000,230025549600,,174151137600,178466191200,6028275500,789249120000,,-319424608800,34926117600,-56469483000,-51116788800,-60558273600,-91870072800
NRCP,National Reinsurance Corporation of the Philippines,O,0.55,2123605600,1167983080,Financials,Other Financial Institutions,January-December,,,70000000,,11920000000,,,,6561000000,5360000000,5360000000,3632000000,301000000,,157000000,157000000,8993000,176187000,-13213000,-332293000,,,,,
NXGEN,NextGenesis Corporation,S,7,104013225,728092575,Financials,Banks,July-June,,,100,,123552000,,,,74963200,48588800,48588800,,-9599100,,-9599100,-9599100,,-2274400,,,,,,,2293100
PBB,Philippine Business Bank,O,9,643750094,5793750846,Financials,Banks,January-December,,,747000000,14287000000,110630000000,2159000000,,3324000000,97571000000,13059000000,13059000000,7422000000,1890000000,,1400000000,1400000000,43200000,13997431600,-359986400,-17237004000,2977500000,-1063600000,,-198000000,2041690700
PBC,Philippine Bank of Communications,O,19,480645163,9132258097,Financials,Banks,January-December,,,715000000,18177000000,100480000000,141000000,,8523000000,88895000000,11585000000,11585000000,5429000000,1577000000,0,1451000000,1451000000,138700000,1397921000,-117065000,-7449539000,293686100000,-297977800000,,,4110480000
PNB,Philippine National Bank,O,20.6,1525764850,31430755910,Financials,Banks,January-December,,,21052000000,180342000000,1091291000000,,,110068000000,939033000000,149346000000,152258000000,52072000000,10881000000,-76000000,9132000000,9206000000,643000000,6656000000,-3048000000,-42071000000,121179800000,-93437400000,,,59813000000
PSB,Philippine Savings Bank,O,48.8,426859416,20830739501,Financials,Banks,January-December,,,3259000000,48605000000,240328000000,5486000000,,12302000000,205541000000,34787000000,34787000000,17496000000,2820000000,117000000,2993000000,2993000000,281200000,6572000000,-255000000,-9004000000,-49753000000,47552000000,,-1152000000,974000000
PSE,"The Philippine Stock Exchange, Inc.",O,168,81650137,13717223016,Financials,Other Financial Institutions,January-December,3497000000,3634000000,1318000000,958000000,6263000000,18000000,654000000,55000000,1442000000,4823000000,4821000000,1290948900,565944200,46869300,682935900,682935900,118541900,704817600,-57558900,-250929300,,,,-747998300,-747998300
PTC,Philippine Trust Company,O,96.5,1000000000,96500000000,Financials,Banks,January-December,,,2760000000,87556000000,159107000000,197000000,,,133397000000,25709000000,25709000000,6571000000,867000000,,325000000,325000000,36000000,-2329000000,-142000000,8488000000,,,,,-767000000
RCB,Rizal Commercial Banking Corporation,O,17,1935628896,32905691232,Financials,Banks,January-December,,,11074000000,128232000000,715322000000,1489000000,,117870000000,630614000000,84689000000,84708000000,38328000000,7630000000,21000000,6390000000,6391000000,405000000,31002000000,-2746000000,-48643000000,23142000000,-32790000000,,-864000000,45009000000
SECB,Security Bank Corporation,O,106.5,753538887,80251891466,Financials,Banks,January-December,,,5719000000,206273000000,784390000000,51029000000,,79180000000,664435000000,119948000000,119955000000,45305000000,11478000000,13000000,10609000000,10609000000,470700000,9550000000,-1681000000,11111000000,2053000000,5420000000,,-2266000000,-14045000000
SLF,Sun Life Financial Inc.,O,1701,584676848,994535318448,Financials,Other Financial Institutions,January-December,,,,,10578630506400,,,148961551200,9646726452000,891703982400,892662883200,1240153780800,109130287200,,91501264800,91833192000,6222736000,315478363200,-4425696000,-200520909600,32307580800,-40790164800,-21833433600,-49420272000,-83830058400
UBP,"Union Bank of the Philippines, Inc.",O,54.5,1218471467,66406694952,Financials,Banks,January-December,,,6539000000,202027000000,754775000000,,,115905000000,659150000000,94923000000,95625000000,39352000000,15156000000,,14496000000,14480000000,316100000,433889000000,111000000,8884000000,944490200000,-528000000,,-4265000000,-387574000000
V,"Vantage Equities, Inc.",O,0.98,4199582266,4115590621,Financials,Other Financial Institutions,January-December,9725000000,,178000000,,10448000000,,,,391000000,9569000000,10056000000,1649781400,845909000,,662316400,733509400,19200000,-4073613800,-45058600,85407800,,-492900000,,,-431339500
AAA,Asia Amalgamated Holdings Corporation,S,1.61,799999981,1287999969,Holding Firms,Holding Firms,January-December,,300000,,,4000000,,24100000,,24100000,-20100000,-20100000,0,,,-761067,-761067,0,-961733,0,769333,,,,,0
ABA,"AbaCore Capital Holdings, Inc.",O,0.485,3185934029,1545178004,Holding Firms,Holding Firms,January-December,79000000,,584000000,8924000000,11792000000,167000000,,,3027000000,8645000000,8766000000,24862000,-105337000,-21319200,3212194600,3224137300,12131314,144540500,-38803400,130875000,1883630,17947000,-46600000,-607533200,-283641600
ABG,Asiabest Group International Inc.,O,9.36,300000000,2808000000,Holding Firms,Holding Firms,January-December,265608500,268406500,,,268406500,,1326800,,1326800,267079700,267079700,,3570600,,-1692500,-1692500,,-1306000,,253772,,,,,
AC,Ayala Corporation,O,785,627375842,492490035970,Holding Firms,Holding Firms,January-December,116026000000,615052000000,114532000000,515401000000,1367068000000,80764000000,407857000000,373827000000,851178000000,334056000000,515890000000,252194000000,38620000000,22157000000,32951000000,37605000000,19522000000,-544000000,-12319000000,-38999000000,,-2052000000,-18105000000,-11465000000,74418000000
AEV,"Aboitiz Equity Ventures, Inc.",O,46.85,5630225457,263776062660,Holding Firms,Holding Firms,January-December,50874000000,124425000000,225699000000,157541000000,588406000000,58540000000,98013000000,252250000000,371211000000,176481000000,217195000000,199628000000,31125000000,11502000000,22036000000,29443000000,11536000000,39028000000,-17943000000,-59669000000,44963000000,-23134000000,-44000000,-7435000000,7898000000
AGI,"Alliance Global Group, Inc.",O,6.72,9818634579,65981224371,Holding Firms,Holding Firms,January-December,57794000000,289403000000,124640000000,119245000000,609370000000,27743000000,97264000000,177017000000,313447000000,183530000000,295923000000,166922000000,36613000000,232000000,15886000000,24367000000,8179000000,24270000000,-9200000000,-38596000000,42201500000,-30658000000,-1543000000,-1498000000,13484000000
ALLHC,AyalaLand Logistics Holdings Corp.,O,1.68,6301591987,10586674538,Holding Firms,Holding Firms,January-December,647000000,,1354000000,10490000000,19627000000,5000000,,1721000000,8371000000,11134000000,11256000000,5613000000,823000000,,625000000,643000000,68980000,590117000,98628000,-3323027000,10600000,,,,2725761000
ANS,A. Soriano Corporation,O,6.21,2500000000,15525000000,Holding Firms,Holding Firms,January-December,10845000000,14162000000,2580000000,1614000000,20388000000,196000000,2529000000,217000000,3372000000,16437000000,17016000000,8240000000,1028000000,-348000000,-10316000000,-10248000000,279732000,679576000,-199920000,660600000,450000000,-633176600,-132699100,-309476400,-1075352100
APO,Anglo Philippine Holdings Corporation,O,0.49,3003302538,1471618244,Holding Firms,Holding Firms,January-December,27000000,311000000,43000000,8688000000,9897000000,10000000,3899000000,20000000,3928000000,5962000000,5969000000,25798900,-86111500,-358260500,-418068800,-418175200,28538600,200316600,19413500,-203077400,-53746700,-19356700,,,-37930700
ATN-AB,"ATN Holdings, Inc.",O,0.57,4500000000,2565000000,Holding Firms,Holding Firms,April-March,6000000,11000000,5000000,3474000000,3568000000,86000000,89000000,,1447000000,2121000000,2121000000,21233400,-464200,-2473200,-10819500,-10819500,4102400,1881500,-3891100,-451124000,30000000,1068573,,,450864800
BH,"BHI Holdings, Inc.",O,960,499987,479987520,Holding Firms,Holding Firms,January-December,441400,,,,103280500,,,,4844500,98436000,98436000,3000800,-86100,,-146200,-146200,,210700,,,,-100000,,,-100000
COSCO,"Cosco Capital, Inc.",O,5.2,7198253664,37430919053,Holding Firms,Holding Firms,January-December,25250000000,57741000000,46380000000,11685000000,143389000000,945000000,11500000000,26666000000,39803000000,74125000000,103586000000,167641000000,10749000000,-350000000,13017000000,17056000000,3326000000,16284000000,-5011000000,3881000000,10514400000,-2100000000,-153000000,-1853000000,-1917000000
DMC,"DMCI Holdings, Inc.",O,4.01,13277470000,53242654700,Holding Firms,Holding Firms,January-December,20885000000,114727000000,64115000000,15817000000,207997000000,18074000000,63657000000,34631000000,112694000000,76647000000,95303000000,82232000000,13973000000,1745000000,8471000000,12406000000,9096000000,19252000000,-17952000000,-17911000000,24787000000,-14107000000,-7000000,-6373000000,2207000000
FDC,Filinvest Development Corporation,O,7.97,8648462987,68928250006,Holding Firms,Holding Firms,January-December,76260000000,436706000000,50228000000,131703000000,642065000000,49547000000,95704000000,397710000000,506080000000,103323000000,135985000000,73503000000,9636000000,-358000000,12187000000,16062000000,4894000000,6644000000,-19306000000,-8110000000,26226000000,-15632000000,,-865000000,5632000000
FJP-AB,F & J Prince Holdings Corporation,O,3.425,481827653,1650259712,Holding Firms,Holding Firms,January-December,878000000,,8000000,765000000,1992000000,,,,36000000,1881000000,1956000000,82553500,38003800,-14425000,14787300,14933000,7971196,85786900,-4000,20951200,,,-830300,-27810600,-31024434
FPI,"Forum Pacific, Inc.",O,0.18,1838943246,331009784,Holding Firms,Holding Firms,January-December,376600,479100,,86543100,337692600,,22600,,4338100,333354500,333354500,,1961400,,-2022500,-2022500,,-2264100,,2515900,,,,,
GTCAP,"GT Capital Holdings, Inc.",O,455,215284587,97954487085,Holding Firms,Holding Firms,January-December,27121000000,,12743000000,25985000000,364955000000,17469000000,,109258000000,176924000000,175460000000,188031000000,204696000000,11355000000,13966000000,15832000000,20358000000,589000000,3979000000,-2681000000,-3698000000,5395000000,-5537000000,-1000000,-4877000000,7054000000
HI,"House of Investments, Inc.",O,3.35,776465281,2601158691,Holding Firms,Holding Firms,January-December,2812000000,20818000000,18862000000,7079000000,49472000000,11302000000,20931000000,3912000000,26226000000,14354000000,23246000000,33663000000,2109000000,279000000,716000000,1121000000,1036000000,605000000,-4141000000,-2954000000,2751900000,-1704000000,-6000000,-142000000,2997000000
JGS,"JG Summit Holdings, Inc.",O,62,7162841657,444096182734,Holding Firms,Holding Firms,January-December,86543000000,235739000000,280212000000,288079000000,937850000000,80246000000,254290000000,223858000000,524682000000,309052000000,413168000000,281996000000,38204000000,11449000000,25753000000,35929000000,32160000000,47263000000,-63314000000,-68195000000,51289000000,-34300000000,-166000000,-2665000000,28317000000
JOH,Jolliville Holdings Corporation,O,5.4,281500000,1520100000,Holding Firms,Holding Firms,January-December,183000000,,4014000000,1242000000,6135000000,809000000,,1339000000,3648000000,1804000000,2487000000,1038394500,135613200,-55000,54562300,36751700,81423334,-314295500,-455798400,518001900,-487408022,-8013693,,,-423715100
KPH-AB,"Keppel Philippines Holdings, Inc.",O,5.13,57618319,295581976,Holding Firms,Holding Firms,January-December,54000000,,0,242000000,1033000000,,,,10000000,655000000,1023000000,46433700,19613200,9671200,18194600,26705200,40688,8447500,-229200,9770800,,,-991100,-5780300,-6771400
LIHC,Lodestar Investment Holdings Corporation,O,0.67,3000000000,2010000000,Holding Firms,Holding Firms,January-December,235113700,240205700,,,240205700,,15600,,15600,240190000,240190000,,1999800,,-225900,-225900,,-1353500,,2200206,-500000,,,,280000
LPZ,Lopez Holdings Corporation,O,2.72,4542298911,12355053038,Holding Firms,Holding Firms,January-December,45580000000,116148000000,136014000000,62512000000,392792000000,24609000000,64462000000,112204000000,192474000000,71944000000,200318000000,133968000000,31732000000,1996000000,8043000000,26133000000,13284000000,51255000000,-10390000000,-16292000000,16396000000,-33284000000,-14656000000,-469000000,-37467000000
LTG,"LT Group, Inc.",O,8.08,10821388889,87436822223,Holding Firms,Holding Firms,January-December,273871000000,571739000000,71813000000,165102000000,1215178000000,3663000000,817869000000,70235000000,965189000000,181684000000,249989000000,97576000000,10526000000,17148000000,24918000000,29112000000,5495000000,25114000000,-8647000000,-63456000000,51900000000,-1430000000,,-3330000000,60412000000
MGH,Metro Global Holdings Corporation,S,,2000000000,2000000000,Holding Firms,Holding Firms,January-December,1000000,9000000,,1515000000,1527000000,,468000000,,1553000000,-27000000,-27000000,29500000,8755900,17926900,28020900,28020900,,65670100,,7524900,1900000,-24100000,,,-72748300
MHC,Mabuhay Holdings Corporation,O,0.5,1200000000,600000000,Holding Firms,Holding Firms,January-December,432000000,,2000000,467000000,1253000000,14000000,,,426000000,661000000,827000000,28891800,-10985400,7517200,-816149100,-799521500,825066,-40591600,0,17296500,,4900000,,,4891900
MJIC,MJC Investments Corporation,O,1.48,3174405821,4698120615,Holding Firms,Holding Firms,January-December,39000000,,4865000000,,6063000000,840000000,,1571000000,5441000000,622000000,622000000,679128900,-585231800,,-583389800,-583389800,315261258,-111280000,-226846100,-351182400,,-1131476913,,,469505900
MPI,Metro Pacific Investments Corporation,O,3.8,31355855752,119152251858,Holding Firms,Holding Firms,January-December,71344000000,103759000000,58161000000,163633000000,612577000000,19384000000,76002000000,235426000000,369429000000,185966000000,243148000000,83784000000,27309000000,10044000000,22204000000,25848000000,8560000000,28690000000,-57449000000,-61115000000,71512000000,-32098000000,-705000000,-5894000000,22116000000
PA,"Pacifica Holdings, Inc.",O,2.88,325000000,936000000,Holding Firms,Holding Firms,January-December,807400,24885800,,,25002400,,125500,,33875500,-8873100,-8873100,559,1067500,,-2774300,-2774300,,2241700,,-33150000,,0,,,31250000
PRIM,"Prime Media Holdings, Inc.",O,0.8,700298616,560238893,Holding Firms,Holding Firms,January-December,2301500,,1000600,500000,43580000,,,,186847500,-143267600,-143267600,1482100,15634300,,25015800,25015800,285859,-29155800,-54400,-24950700,13900000,,,,13880000
REG,Republic Glass Holdings Corporation,O,2.8,682065632,1909783770,Holding Firms,Holding Firms,January-December,1353000000,,4000000,564000000,1935000000,,,,155000000,1781000000,1781000000,82878000,69864000,,73526000,73526000,2602000,21402000,-170000,67416000,,,,-50069000,-50069000
SGI,"Solid Group, Inc.",O,1.01,1821542000,1839757420,Holding Firms,Holding Firms,January-December,3982000000,5395000000,1819000000,4230000000,11697000000,70000000,436000000,,1276000000,10056000000,10421000000,3942000000,-97000000,,159000000,173000000,84729200,760238200,-55893400,-100943300,0,-53200000,,-109292500,-161994800
SGP,"Synergy Grid & Development Phils., Inc.",O,159.5,49466000,7889827000,Holding Firms,Holding Firms,January-December,7505200,8005600,,,8005600,,242000,,242000,7763700,7763700,6600000,8518800,,508700,508700,,811500,,,,,,,
SM,SM Investments Corporation,O,938.5,1204582867,1130501020680,Holding Firms,Holding Firms,January-December,71569000000,249447000000,137070000000,646300000000,1154722000000,87338000000,218735000000,337972000000,616488000000,381005000000,538234000000,477955000000,76274000000,25800000000,42885000000,66846000000,20060000000,52257000000,-19633000000,-44864000000,52895000000,-72601000000,,-20724000000,579000000
SMC,San Miguel Corporation,O,100,2378524978,237852497800,Holding Firms,Holding Firms,January-December,390851000000,723119000000,646251000000,155041000000,1909702000000,249997000000,426594000000,856683000000,1330449000000,325623000000,579253000000,983644000000,96337000000,-149000000,14346000000,36842000000,39399000000,67967000000,-120228000000,-124634000000,279488000000,-79018000000,-29087000000,-10455000000,193325000000
SOC,"SOCResources, Inc.",O,0.64,901920568,577229164,Holding Firms,Holding Firms,January-December,535000000,1682000000,40000000,47000000,1833000000,,190000000,,205000000,1628000000,1628000000,194480700,-30855500,,-12731600,-12731600,4093700,125753800,-8355100,-11352900,,,,,622500
SPM,Seafront Resources Corporation,O,1.8,163000000,293400000,Holding Firms,Holding Firms,January-December,45344400,,,561270700,608081300,,,,62997100,545084200,545084200,31119000,10099000,,10091000,10091000,-15061916,32347100,,4528700,,,,,
TFHI,"Top Frontier Investment Holdings, Inc.",O,136,332886167,45272518712,Holding Firms,Holding Firms,January-December,390983000000,719888000000,701791000000,121428000000,2023324000000,261449000000,449684000000,886269000000,1440885000000,133435000000,582439000000,983620000000,94730000000,-147000000,4980000000,36697000000,42343000000,64935000000,-109005000000,-124222000000,279488000000,-79018000000,-44087000000,,195855000000
UNI,"Unioil Resources & Holdings Company, Inc.",S,0.246,1589559977,391031754,Holding Firms,Holding Firms,January-December,9951400,20800000,5296800,,315000500,,861500000,,869678700,-567944400,-554678200,1043900,-530100,,-868100,-868100,200000,-171800,0,-15184100,9500000,1900000,,,12583000
WIN,"Wellex Industries, Incorporated",O,0.19,3271938180,621668254,Holding Firms,Holding Firms,January-December,10000000,137000000,2000000,1510000000,1695000000,6000000,20000000,,488000000,1207000000,1207000000,27746500,857800,,-22281500,-22281500,10079700,14601400,-22552700,30211300,-4200000,-27800000,,,-36752100
ZHI,"Zeus Holdings, Inc.",O,0.144,2737044807,394134452,Holding Firms,Holding Firms,January-December,93700,974400,,,974400,,703200,,703200,271200,271200,,664600,,-688300,-688300,,-758500,,,,,,,810000
ACEPH,"AC Energy Philippines, Inc.",O,2.21,7508174922,16593066578,Industrial,"Electricity, Energy, Power & Water",January-December,5664000000,11834000000,30715000000,3340000000,52459000000,8624000000,13977000000,20577000000,38389000000,11087000000,14070000000,16119000000,321000000,-72000000,120000000,41000000,1121103000,-422414000,-3260911000,-6445524000,4956997000,-1342616000,-7309000,12646000,11698076000
ACR,"Alsons Consolidated Resources, Inc.",O,1.2,6291500000,7549800000,Industrial,"Electricity, Energy, Power & Water",January-December,3965000000,8840000000,29097000000,4740000000,45685000000,7513000000,12051000000,17543000000,30830000000,11492000000,14855000000,6796000000,1957000000,71000000,148000000,974000000,1091361000,1601219100,-2879648200,-3284668100,2620868000,-1313813300,,-130230000,1082689300
ANI,"AgriNurture, Inc.",O,7.8,1018274088,7942537886,Industrial,"Food, Beverage & Tobacco",January-December,44000000,2726000000,1005000000,250000000,4810000000,637000000,1689000000,304000000,2000000000,2101000000,2810000000,5709000000,568000000,,-24000000,52000000,171178500,-83772400,-26785200,58544300,1165900000,-21972100,,,94866200
AP,Aboitiz Power Corporation,O,27.3,7358604307,200889897581,Industrial,"Electricity, Energy, Power & Water",January-December,47425000000,83893000000,207926000000,62656000000,418681000000,37138000000,71009000000,202504000000,292494000000,118746000000,126187000000,124413000000,28653000000,3727000000,15758000000,18440000000,10356000000,38534000000,-13680000000,-49623000000,33500000000,-13849000000,,-10817000000,4699000000
AXLM,Axelum Resources Corp.,O,2.65,3959424000,10492473600,Industrial,"Food, Beverage & Tobacco",January-December,267000000,2661000000,3416000000,410000000,8168000000,2192000000,2608000000,204000000,2878000000,5290000000,5290000000,5301000000,703000000,,775000000,775000000,50874000,305277000,0,-47040000,-24378000,7658000,-2500000,-50000000,-118234000
BMM,"Bogo-Medellin Milling Company, Inc.",O,75.6,6000000,453600000,Industrial,"Food, Beverage & Tobacco",October-September,13389000,93629000,131299000,,257216000,23074000,58695000,,65784000,191433000,191433000,15620000,-152416000,,-152320000,-152320000,29380000,-120336000,-26720000,3312000,,,,,11000000
BSC,Basic Energy Corporation,O,0.16,2797392714,447582834,Industrial,"Electricity, Energy, Power & Water",January-December,55000000,128000000,37000000,422000000,700000000,,11000000,,38000000,671000000,662000000,13911100,-7528800,14966900,-6778400,-6389100,5180700,-97310700,-231300,164303000,,,-300000,,-267200
CA-AB,Concrete Aggregates Corporation,O,57.3,27466449,1573827528,Industrial,"Construction, Infra. & Allied Services",January-December,191744400,208654500,59776500,90553400,360733700,,17016000,,40650900,320082900,320082900,51103500,10570300,,33005500,33005500,429200,40422900,,1092944,,,,-31203800,-31203800
CAT,"Central Azucarera de Tarlac, Inc.",O,12.02,238496840,2866732017,Industrial,"Food, Beverage & Tobacco",July-June,84000000,2594000000,1534000000,556000000,5823000000,994000000,1428000000,,1935000000,3888000000,3888000000,1115892400,60276100,,232970200,232970200,136682500,300887100,-109677400,-246266600,0,0,,-49815800,-46697300
CHP,"Cemex Holdings Philippines, Inc.",O,1.06,13489226623,14298580220,Industrial,"Construction, Infra. & Allied Services",January-December,6334000000,12104000000,20948000000,14000000,64328000000,671000000,8383000000,12730000000,21939000000,42389000000,42389000000,22989000000,2237000000,,1200000000,1200000000,1975810000,2595103000,-4443481000,-4321860000,2611429000,109007000,,,4195380000
CIC,Concepcion Industrial Corporation ,O,20,403218091,8064361820,Industrial,Electrical Components & Equipment,January-December,1873000000,10421000000,1255000000,153000000,13233000000,249000000,5309000000,416000000,6179000000,5300000000,7054000000,14498000000,1892000000,25000000,830000000,1267000000,448000000,3009000000,-194000000,-321000000,36000000,0,-73000000,-1725000000,-2121000000
CIP,"Chemical Industries of the Philippines, Inc.",O,120.1,10296601,1236621780,Industrial,Chemicals,January-December,20000000,25000000,1197000000,122000000,1383000000,,149000000,,456000000,841000000,927000000,8563800,14749000,,-2424800,2177500,1251300,-20419300,0,16849700,,,,1400,1400
CNPF,"Century Pacific Food, Inc.",O,14.4,3542258595,51008523768,Industrial,"Food, Beverage & Tobacco",January-December,2782000000,23066000000,7448000000,,34544000000,2032000000,10638000000,3544000000,14352000000,20193000000,20193000000,42926000000,4791000000,,3394000000,3394000000,964000000,6399000000,-2005000000,-2001000000,4986000000,-5831000000,,-638000000,-2551000000
CROWN,Crown Asia Chemicals Corporation,O,1.98,611076000,1209930480,Industrial,Chemicals,January-December,61000000,931000000,624000000,,1566000000,7000000,243000000,47000000,344000000,1222000000,1222000000,1415634100,205382700,,139177200,139177200,40347600,209594600,-73097503,-81687300,21574729,13785277,-38483300,-56376200,-119253700
DAVIN,"Da Vinci Capital Holdings, Inc.",O,4.05,1124999969,4556249874,Industrial,"Construction, Infra. & Allied Services",January-December,,,,,23892000,,8560000,,8560000,15332000,15332000,,1011800,,-1011800,-1011800,,-867700,,,900000,,,,867700
DELM,Del Monte Pacific Limited,O,4.2,1943960024,8164632101,Industrial,"Food, Beverage & Tobacco",May-April,993339200,52717930400,33418768800,1170721200,130517675600,40655954400,53321029200,47609328800,107209680800,21817986000,23307994800,94359999840,5615928722,-113625156,-3098915641,-3574047253,8003776843,4193318745,-5300843791,-4515574510,7509573000,-14334485405,,-1466678404,-1808331042
DNL,"D&L Industries, Inc.",O,5.09,7142857990,36357147169,Industrial,"Food, Beverage & Tobacco",January-December,2764000000,14277000000,4633000000,182000000,24173000000,4009000000,6494000000,47000000,6546000000,17627000000,17627000000,22182000000,3285000000,,2387000000,2387000000,596000000,4603000000,-1360000000,-2387000000,3590000000,-2540000000,,-2043000000,-2697000000
EAGLE,Eagle Cement Corporation,O,10,5000000005,50000000050,Industrial,"Construction, Infra. & Allied Services",January-December,18331000000,21059000000,25713000000,2797000000,49906000000,1067000000,4667000000,6073000000,11433000000,38474000000,38474000000,18978000000,6507000000,,5613000000,5613000000,1001000000,6495000000,-2961000000,-3509000000,,-20659369,,-1480000000,-2558000000
EDC,Energy Development Corporation,O,6.87,18737010000,128723258700,Industrial,"Electricity, Energy, Power & Water",January-December,22176800000,35013400000,93559400000,395800000,142807500000,14500000,13586300000,60336400000,77031200000,63686500000,65776300000,36408800000,11725000000,,7817900000,7965700000,6247500000,17235200000,-4722400000,-3345000000,4720900000,-9218500000,,-2630700000,-8335400000
EEI,EEI Corporation,O,5.02,1036281485,5202133055,Industrial,"Construction, Infra. & Allied Services",January-December,1612000000,19924000000,4543000000,3696000000,28964000000,8448000000,16774000000,1731000000,20624000000,8304000000,8340000000,23352000000,1139000000,437000000,982000000,976000000,845912900,902022700,-400613100,-218103800,1055895000,-949286400,,-207256300,-161251300
EMP,Emperador Inc.,O,8.04,15920376438,127999826562,Industrial,"Food, Beverage & Tobacco",January-December,7741000000,63845000000,28987000000,3024000000,125986000000,8782000000,28445000000,30460000000,61269000000,63818000000,64717000000,50260000000,8296000000,240000000,6727000000,6833000000,1546000000,6090000000,-2158000000,-1803000000,361500000,-427400000,-1639000000,0,-3950000000
EURO,"Euro-Med Laboratories Phil., Inc.",O,2.23,4112140540,9170073404,Industrial,Chemicals,January-December,551000000,4184000000,2806000000,1000000000,8578000000,2205000000,2550000000,695000000,3415000000,5163000000,5163000000,3789333333,501333333,,240000000,240000000,97779200,-118231733,-180245200,-18169467,2760100000,-2261100000,,-205607000,293485700
FB,"San Miguel Food and Beverage, Inc.",O,68.5,5909220090,404781576165,Industrial,"Food, Beverage & Tobacco",January-December,36138000000,101977000000,84443000000,3024000000,263891000000,14141000000,70945000000,62950000000,135432000000,80723000000,128459000000,304148000000,45614000000,-187000000,18141000000,30742000000,11477000000,43216000000,-29826000000,-28779000000,36647000000,-13345000000,-14997000000,-18850000000,-18717000000
FGEN,First Gen Corporation,O,22.5,3597914505,80953076363,Industrial,"Electricity, Energy, Power & Water",January-December,38365000000,70224000000,128550000000,1858000000,267279000000,25818000000,51558000000,72007000000,131448000000,111046000000,135830000000,107945000000,26833000000,-378000000,14412000000,20234000000,11904000000,34737000000,-6456000000,-6214000000,8444000000,-14666000000,-5947000000,-2826000000,-23270000000
FOOD,"Alliance Select Foods International, Inc.",O,0.56,2499712463,1399838979,Industrial,"Food, Beverage & Tobacco",January-December,272000000,2271000000,806000000,,4147000000,1820000000,2240000000,5000000,2265000000,2000000000,1882000000,4692000000,141000000,0,-35000000,-35000000,50081400,-365561500,-37410300,-36125500,807352180,-897137333,,,-67064300
FPH,First Philippine Holdings Corporation,O,57,507875574,28948907718,Industrial,"Electricity, Energy, Power & Water",January-December,52005000000,123405000000,133765000000,37678000000,375568000000,37221000000,80833000000,98980000000,196011000000,103756000000,179557000000,130116000000,29495000000,385000000,12023000000,23422000000,13308000000,43967000000,-10675000000,-15147000000,8575000000,-26355000000,-3090000000,-848000000,-18155000000
FRUIT,"Fruitas Holdings, Inc.",O,1.34,2133680000,2859131200,Industrial,"Food, Beverage & Tobacco",January-December,,,,,,,,,,,,,,,,,,,,,,,,,
FYN-AB,Filsyn Corporation,S,,206246181,7938415404,Industrial,Other Industrials,January-December,48000000,63000000,,25000000,1012000000,1088000000,1569000000,,1647000000,-635000000,-635000000,39932000,17697333,,-1018667,-1018667,,91624000,,,,,,,
GREEN,Greenergy Holdings Incorporated,O,1.92,1800778572,3457494858,Industrial,Electrical Components & Equipment,January-December,1000000,761000000,427000000,2923000000,4208000000,,324000000,,324000000,3764000000,3884000000,5121700,-59395700,-5937700,2571802700,2556211600,22246200,-37830700,-321493900,-72886300,77900000,500000,,,91738900
GSMI,"Ginebra San Miguel,  Inc.",O,31.6,280720222,8870759015,Industrial,"Food, Beverage & Tobacco",January-December,1275000000,9421000000,4611000000,17000000,14876000000,1351000000,6292000000,732000000,7407000000,7469000000,7469000000,28249000000,2578000000,-187000000,1530000000,1530000000,725000000,1369000000,-419000000,-399000000,1806000000,-159000000,,-687000000,-748000000
HLCM,"Holcim Philippines, Inc.",O,6.36,6452099144,41035350556,Industrial,"Construction, Infra. & Allied Services",January-December,6782000000,15742000000,21896000000,4363000000,49376000000,8067000000,18970000000,1768000000,21106000000,28257000000,28270000000,32642000000,4499000000,134000000,3384000000,3388000000,1700000000,7681000000,-2157000000,-2021000000,13283700000,0,,-2712000000,885000000
IMI,"Integrated Micro-Electronics, Inc.",O,5.69,2217293215,12616398393,Industrial,Electrical Components & Equipment,January-December,7762000000,31585000000,11243000000,62000000,52648000000,11473000000,24832000000,3308000000,28975000000,18573000000,23673000000,60847000000,-521000000,,-648000000,-942000000,2651759200,5254767300,-1798218500,3061390200,138213000,-2408328800,,-229734300,-7627977300
ION,"Ionics, Inc.",O,1.05,837130992,878987542,Industrial,Electrical Components & Equipment,January-December,1090000000,2620000000,894000000,463000000,4011000000,285000000,996000000,37000000,1194000000,2796000000,2816000000,3111485100,253989800,-570700,210838500,215487900,251474400,599337000,-86004400,-90782800,209879000,-17958700,,,-99293800
JFC,Jollibee Foods Corporation,O,140.2,1107488347,155269866249,Industrial,"Food, Beverage & Tobacco",January-December,27854000000,50079000000,73607000000,7567000000,201029000000,13437000000,44036000000,88274000000,151197000000,50531000000,49833000000,178705000000,5448000000,26000000,3106000000,2915000000,15315000000,16526000000,-10381000000,-28028000000,1527000000,-4906000000,,-2804000000,17759000000
LFM,"Liberty Flour Mills, Inc.",O,41,150000000,6150000000,Industrial,"Food, Beverage & Tobacco",January-December,339000000,1219000000,730000000,1666000000,3679000000,,159000000,759000000,1016000000,2663000000,2663000000,845729400,-37073200,,123471800,123471800,41124600,128804100,139308600,63077500,8000000,-6000000,,-111466200,-114466200
LMG,LMG Chemicals Corporation,O,4.59,193544176,888367768,Industrial,Chemicals,January-December,99890800,188631500,,,188631500,,105000,,105000,188526600,188526600,,1863700,,3900400,3900400,,-84277600,,,,,,,
MACAY,"Macay Holdings, Inc.",O,6.39,1068393223,6827032695,Industrial,"Food, Beverage & Tobacco",January-December,3545000000,5126000000,1426000000,23000000,9718000000,36000000,1840000000,,1840000000,7878000000,7878000000,10699000000,277000000,-5000000,308000000,308000000,1041220800,866675300,-1092433800,-1048181600,,,,0,-59702700
MAXS,"Max's Group, Inc.",O,5.5,1037292224,5705107232,Industrial,"Food, Beverage & Tobacco",January-December,472000000,2600000000,6557000000,518000000,16217000000,1590000000,3853000000,5390000000,10628000000,5637000000,5589000000,13771000000,616000000,,414000000,416000000,1433989000,1842465000,-1324268000,-969523000,1926423000,57147000,-7370000,-113237000,-773390000
MER,Manila Electric Company,O,266.6,1127098705,300484514753,Industrial,"Electricity, Energy, Power & Water",January-December,82991000000,131501000000,153299000000,47660000000,374520000000,28426000000,151416000000,12386000000,299223000000,74244000000,75297000000,312966000000,43734000000,-1134000000,20233000000,20321000000,8928000000,51528000000,-19782000000,-19482000000,28000000,-413000000,,-17732000000,-10082000000
MG,"Millennium Global Holdings, Inc.",O,0.136,2500000000,340000000,Industrial,"Food, Beverage & Tobacco",January-December,43000000,1509000000,351000000,35000000,2044000000,1134000000,1539000000,5000000,1627000000,172000000,417000000,1190745000,21771900,-3862600,-5883000,-4183300,47253200,-92098600,-18140800,-107830900,37969000,-42742700,,,177309000
MVC,Mabuhay Vinyl Corporation,O,3.67,661309398,2427005491,Industrial,Chemicals,January-December,1006000000,2046000000,927000000,27000000,3021000000,5000000,250000000,24000000,411000000,2599000000,2609000000,2232979100,461141500,,351860300,352553200,86529100,353770600,-115497100,270075400,,,,-45268200,-52628400
MWC,"Manila Water Company, Inc.",O,12.14,2064839617,25067152950,Industrial,"Electricity, Energy, Power & Water",January-December,12899000000,17928000000,5412000000,14690000000,139333000000,15296000000,25078000000,53970000000,81777000000,56307000000,57556000000,22410000000,9865000000,666000000,5541000000,5617000000,3163000000,-2095000000,-1596000000,-7159000000,12889000000,2791000000,,-1122000000,8670000000
MWIDE,Megawide Construction Corporation,O,7.17,2013409717,14436147671,Industrial,"Construction, Infra. & Allied Services",January-December,4554000000,33132000000,7844000000,6410000000,79672000000,13130000000,26754000000,33753000000,62257000000,13744000000,17414000000,21380000000,3009000000,33000000,716000000,898000000,1890000000,1653000000,-4801000000,-5322000000,7664300000,-3616800000,-1081000000,-586000000,4026000000
PCOR,Petron Corporation,O,3.06,9375104497,28687819761,Industrial,"Electricity, Energy, Power & Water",January-December,30918000000,155451000000,172270000000,29227000000,368120000000,98241000000,144872000000,154059000000,310255000000,51676000000,57865000000,494427000000,5066000000,3000000,-5704000000,-5563000000,12895000000,-2662000000,-15508000000,-18264000000,93337000000,0,-7122000000,-4313000000,20496000000
PCP,"PICOP Resources, Inc.",S,,4232236415,867608465,Industrial,Other Industrials,January-December,4600000,1610500000,2441600000,,4356300000,567000000,4806100000,248700000,5318300000,-962000000,-962000000,957100000,-976400000,,-1722600000,-1722600000,142600000,110100000,-102900000,-56000000,35300000,-91700000,,,-56400000
PERC,PetroEnergy Resources Corporation,O,2.96,568711842,1683387052,Industrial,"Electricity, Energy, Power & Water",January-December,2115000000,2540000000,8249000000,1642000000,13231000000,635000000,1032000000,4843000000,5968000000,4893000000,7262000000,2163850200,899754400,127021200,368764200,630810100,381731700,1612716500,-618038300,-937320100,9400000,-626380951,-24500000,-400000,-536317400
PHN,Phinma Corporation,O,9,272423065,2451807585,Industrial,"Construction, Infra. & Allied Services",January-December,5382000000,9900000000,8236000000,1919000000,22382000000,1328000000,5117000000,7314000000,14036000000,6657000000,8347000000,11325000000,1073000000,44000000,232000000,437000000,358730000,-59452000,-1666925000,1228205000,817766000,-246170000,-91743000,-339784000,933591000
PIP,"Pepsi-Cola Products Philippines, Inc.",S,1.7,3693772279,6279412874,Industrial,"Food, Beverage & Tobacco",January-December,471000000,8605000000,16874000000,630000000,26437000000,2942000000,11396000000,3813000000,17070000000,9367000000,9367000000,35373000000,808000000,15000000,323000000,323000000,2702000000,2566000000,-2828000000,-2829000000,4023000000,-513000000,,-163000000,228000000
PIZZA,"SHAKEY'S PIZZA ASIA VENTURES, INC.",O,5.93,1531321053,9080733844,Industrial,"Food, Beverage & Tobacco",January-December,893000000,2281000000,2987000000,,12624000000,1222000000,2089000000,5116000000,7442000000,5182000000,5182000000,8235000000,1304000000,,790000000,790000000,612125100,1467851300,1340500,-1321713300,0,-50000000,,-153132100,397509800
PMPC,Panasonic Manufacturing Philippines Corporation,O,4.2,422718020,1775415684,Industrial,Electrical Components & Equipment,April-March,3285000000,6369000000,1068000000,5000000,7580000000,1000000,2488000000,37000000,2999000000,4508000000,4581000000,11921000000,468000000,,237000000,237000000,234407300,697219700,-399105500,-355947000,40135000,-1375500,,-88767500,-90143000
PNC,Philippine National Construction Corporation,S,4.9,174444759,854779319,Industrial,"Construction, Infra. & Allied Services",January-December,664100000,1093100000,11446000000,927000000,13744500000,,9315700000,,12899300000,845300000,845300000,223555400,115033700,93420000,746414800,746414800,1700000,200156900,-444400,105438700,,,-566300000,,-566300000
PNX,"Phoenix Petroleum Philippines, Inc.",O,11.3,1406204232,15890107822,Industrial,"Electricity, Energy, Power & Water",January-December,5832000000,38361000000,27878000000,3348000000,80695000000,37862000000,44538000000,12906000000,59178000000,21445000000,21517000000,95624000000,3651000000,11000000,910000000,864000000,1377000000,17743000000,-8539000000,-4375000000,10934700000,-11525400000,-2000000000,-614000000,-12774000000
PPC,Pryce Corporation,O,4,1957373269,7829493076,Industrial,Chemicals,January-December,2019000000,4367000000,7544000000,115000000,12278000000,1291000000,2461000000,,3289000000,8503000000,8989000000,10631000000,1207000000,,1413000000,1509000000,275871200,1204098100,-828504900,-830551900,852000000,-905100000,-72128000,-510085500,-582213300
RCI,"Roxas and Company, Inc.",O,1.54,2108756849,3247485547,Industrial,"Food, Beverage & Tobacco",January-December,50000000,,3702000000,5272000000,12712000000,1810000000,,2237000000,4954000000,7473000000,7757000000,806775000,-424303000,-176681000,185994000,90267000,58300000,-117310000,-15448000,-107877000,158000000,-249468000,,-31190000,229283000
RFM,RFM Corporation,O,4.35,3455971358,15033475407,Industrial,"Food, Beverage & Tobacco",January-December,4225000000,8174000000,7728000000,161000000,18613000000,912000000,5594000000,376000000,6665000000,11966000000,11948000000,15438000000,1670000000,12200000,1221000000,1221000000,562262000,1993289000,-282132000,425195000,51000000,-69393200000,-82238000,-616528000,-1530372000
ROX,"Roxas Holdings,  Inc.",O,1.59,1547935799,2461217920,Industrial,"Food, Beverage & Tobacco",October-September,467000000,10548000000,8444000000,523000000,21141000000,6929000000,8822000000,2492000000,11958000000,9129000000,9183000000,5366000000,-569000000,10000000,-914000000,-923000000,434422000,758985000,-295870000,611348000,-9900000,-1502503000,,,-1869264000
SFI,"Swift Foods, Inc.",O,0.11,1814423473,199586582,Industrial,"Food, Beverage & Tobacco",January-December,9710200,20246000,,157054500,177505900,,71598600,,122816200,54689700,54689700,55201000,-18308000,,-1120000,-1120000,,-1755000,,,,,,,1000
SHLPH,PILIPINAS SHELL PETROLEUM CORPORATION,O,18.4,1613444202,29687373317,Industrial,"Electricity, Energy, Power & Water",January-December,3797000000,34088000000,44767000000,642000000,93412000000,15916000000,34981000000,20948000000,59120000000,34293000000,34293000000,215903000000,-811000000,,-2257000000,-2257000000,4516000000,4423000000,-4241000000,-4618000000,5464000000,0,,-4838000000,-2082000000
SPC,SPC Power Corporation,O,8.03,1496551803,12017310978,Industrial,"Electricity, Energy, Power & Water",January-December,3213000000,4168000000,776000000,6337000000,11519000000,5000000,460000000,4000000,864000000,10487000000,10655000000,2769586000,409805900,1517623800,1947529700,1989883500,109783100,1874234800,-93511700,-95784800,,,,-1671984500,-1675391700
SRDC,Supercity Realty Development Corporation,O,,110000000,88000000,Industrial,"Construction, Infra. & Allied Services",January-December,15207500,73533000,,,73533000,,54882400,,54882400,18650600,18650600,193453600,22897300,,15267400,15267400,,20827200,,90200,,,,,-11000000
SSP,SFA Semicon Philippines Corporation,O,1.29,2165024111,2792881103,Industrial,Electrical Components & Equipment,January-December,274000000,3615000000,6056000000,50000000,9823000000,1596000000,3326000000,296000000,3653000000,6170000000,6170000000,17537000000,623000000,,451000000,451000000,553843400,502593600,-66652400,-66272000,1569000000,-36814600,,,-326769300
STN,Steniel Manufacturing Corporation,S,,1000000000,260000000,Industrial,Other Industrials,January-December,2005000,277837000,7400000,61585000,346842000,195303000,304598000,144260000,448858000,-102015000,-102015000,54000000,34917000,,-30895000,-30895000,14195000,75524000,,-10640000,,-5173000,,,-64889000
T,TKC Metals Corporation,O,0.73,940000000,686200000,Industrial,"Construction, Infra. & Allied Services",January-December,40000000,1362000000,3409000000,,4942000000,987000000,4448000000,,4475000000,420000000,467000000,529713600,-181913600,,-181056600,-188592800,36441700,-201023700,-2004600,302772100,541700000,-583985705,,,-113089800
TECH,Cirtek Holdings Philippines Corporation,O,7.71,419063353,3230978452,Industrial,Electrical Components & Equipment,January-December,778000000,6769000000,1886000000,23000000,13516000000,3782000000,4729000000,2684000000,7729000000,7193000000,5787000000,4579000000,172000000,,46000000,46000000,299480000,1244008700,-421270900,-971005600,1464034000,-485108700,-332735000,-308136300,153759600
URC,Universal Robina Corporation,O,129.5,2204161868,285438961906,Industrial,"Food, Beverage & Tobacco",January-December,22202000000,67476000000,56873000000,479000000,169447000000,13073000000,41680000000,29950000000,76194000000,86788000000,93253000000,134315000000,15026000000,-189000000,8720000000,9126000000,7485000000,13884000000,-7697000000,-433000000,14226000000,0,,-3931000000,-1752000000
VITA,Vitarich Corporation,O,0.85,3054334014,2596183912,Industrial,"Food, Beverage & Tobacco",January-December,180000000,2270000000,1113000000,802000000,4203000000,471000000,2072000000,255000000,2541000000,1662000000,1662000000,8918000000,140000000,,128000000,128000000,160937300,424344200,-94213400,-103305700,503300000,-462600000,,,-359106500
VMC,"Victorias Milling Company, Inc.",O,2.45,2742050564,6718023882,Industrial,"Food, Beverage & Tobacco",September-August,764000000,2912000000,5863000000,580000000,9527000000,160000000,1076000000,150000000,1977000000,7545000000,7550000000,4819000000,596000000,,865000000,865000000,406879000,970176000,-551214000,264443000,0,-880000000,,,-900492000
VUL,Vulcan Industrial & Mining Corporation,O,0.87,1450000000,1261500000,Industrial,"Construction, Infra. & Allied Services",January-December,0,0,,,458000000,,0,,0,457000000,457000000,,28472600,,-848357400,-848357400,819500000,-2017900,,1676300,,,,,
VVT,Vivant Corporation,O,14,1023456698,14328393772,Industrial,"Electricity, Energy, Power & Water",January-December,4923000000,5918000000,2200000000,11688000000,20892000000,3138000000,4155000000,516000000,5774000000,14406000000,15118000000,3395000000,550000000,2204000000,2231000000,2549000000,279599000,2141073000,-449509700,-695386800,57800000,63614800,,-524875800,-878094600
AB,"Atok-Big Wedge Co., Inc.",O,10.18,2545000000,25908100000,Mining and Oil,Mining,January-December,34643500,49745700,9100,605187900,656482100,,2148400,,2148400,654333700,654333700,,-5424600,-12864100,-16680600,-16680600,10600,-2596900,-2800,-2800,,,,,
ACEX,"ACE Enexor, Inc",O,6.74,250000001,1685000007,Mining and Oil,Oil,January-December,39797300,40517800,747600,,88415900,,22876600,,22876600,65397500,65539300,10000,-19766200,,-19182400,-19757000,74200,-11270600,-17149300,34385000,,,,,7577300
APX,"Apex Mining Co., Inc.",O,1.22,6227887491,7598022739,Mining and Oil,Mining,January-December,620000000,3166000000,7661000000,52000000,13474000000,1582000000,4462000000,2961000000,7898000000,5400000000,5577000000,4866000000,514000000,-14000000,307000000,307000000,898831600,567627200,-1276051600,-1138031000,209300000,-643700000,,,653360500
AR,Abra Mining and Industrial Corporation,O,0.0009,199294584200,179365126,Mining and Oil,Mining,January-December,0,7000000,600000000,,1983000000,,1000000,,55000000,1928000000,1928000000,,3109300,,-3364700,-3364700,65900000,-3492700,15217200,-15726100,4400000,,,,19209000
AT,Atlas Consolidated Mining and Development Corporation,O,1.94,3559532774,6905493582,Mining and Oil,Mining,January-December,3563000000,6853000000,39562000000,305000000,75630000000,9644000000,15763000000,24196000000,43880000000,40208000000,40208000000,16162000000,510000000,84000000,-565000000,-565000000,2959728000,4984000,-3078858000,-3223000,0,0,,,-4181000
BC-AB,Benguet Corporation,O,1.085,615771183,668111734,Mining and Oil,Mining,January-December,66000000,903000000,2083000000,2315000000,6233000000,508000000,1091000000,,2389000000,3843000000,3843000000,754658000,-207867000,,147469000,147469000,63738000,91679000,-24341000,-13917000,10000000,-39300000,,,-42494000
COAL,Coal Asia Holdings Incorporated,O,0.183,4000000004,732000001,Mining and Oil,Mining,January-December,4000000,6000000,155000000,1000000,3934000000,,53000000,,54000000,3880000000,3880000000,,-2070700,,-10564600,-10564600,15700,-7009000,-10284200,-7787500,,0,,,13268400
CPM,Century Peak Holdings Corporation,O,2.71,2820330450,7643095520,Mining and Oil,Mining,January-December,21000000,439000000,890000000,834000000,3897000000,,1297000000,,1313000000,2595000000,2584000000,111472100,-73950700,,-72754000,-74980100,62927300,-43768400,124359000,-533825000,144300000,,,,576068400
DIZ,"Dizon Copper-Silver Mines, Inc.",O,7.58,79087487,599483151,Mining and Oil,Mining,January-December,178500,,,30666000,30894800,,,,39933400,-9038600,-9038600,500,-4273700,,-4272700,-4272700,,-1939600,,,300000,,,,1905000
FNI,"Global Ferronickel Holdings, Inc.",O,0.87,5465174829,4754702101,Mining and Oil,Mining,January-December,717000000,4870000000,4168000000,493000000,10445000000,118000000,1531000000,695000000,3242000000,7165000000,7203000000,5134000000,1294000000,,726000000,719000000,376000000,686000000,-939000000,-1553000000,1399200000,-7000000,-94000000,,202000000
GEO,"GEOGRACE Resources Philippines, Inc.",O,0.241,3500000000,843500000,Mining and Oil,Mining,January-December,27111300,27111300,,,741528200,,12068400,,12068400,729647500,729459800,,27177100,-400,-26540700,-26975800,,-1381200,,-1799000,2600000,,,,2637500
LC-AB,Lepanto Consolidated Mining Company,O,0.091,66375758097,6040193987,Mining and Oil,Mining,January-December,42000000,1739000000,6956000000,740000000,16665000000,222000000,1925000000,,9426000000,6998000000,7239000000,2199755000,-875230000,1411000,-906995000,-905254000,827631000,204518000,-195966000,-161361000,27100000,-42400000,-1000,,-4632000
MA-AB,Manila Mining Corporation,O,0.00665,259586788703,1726252145,Mining and Oil,Mining,January-December,3000000,83000000,116000000,16000000,3171000000,,166000000,,236000000,2935000000,2936000000,0,-6875700,,-11930900,-11930900,1827200,32914800,-39820900,-40882800,-18971448,,-300000,,-1106800
MARC,"Marcventures Holdings, Inc.",O,0.6,3014820305,1808892183,Mining and Oil,Mining,January-December,207000000,1050000000,291000000,6000000,6312000000,513000000,1744000000,259000000,2555000000,3757000000,3757000000,745763000,-626223500,,-616205800,-616205800,123936300,179723500,-181573000,-193680900,122600000,-38932685,,,13020479
NI,"NiHAO Mineral Resources International, Inc.",O,1.37,1010000000,1383700000,Mining and Oil,Mining,January-December,110304300,110320600,603592800,,919197500,,26481700,,26482300,867148100,892715100,,40420500,,-43552100,-43598800,150000,-3650400,,,,,,,
NIKL,Nickel Asia Corporation,O,1.81,13630850117,24671838712,Mining and Oil,Mining,January-December,15483000000,21356000000,15794000000,4283000000,47453000000,1615000000,9327000000,1525000000,12333000000,31201000000,35121000000,17473000000,5535000000,26000000,2448000000,3614000000,1448000000,6286000000,-1419000000,-2028000000,1488900000,-333000000,-109000000,-2113000000,-2632000000
OM,Omico Corporation,O,0.375,1050461673,393923127,Mining and Oil,Mining,January-December,386313200,498326500,6725700,155814900,735790800,,16982400,,28154700,707636100,707636100,28769500,3983900,,-4920800,-4920800,1904000,7925300,-1459400,676300,,-1391500,,,-1391500
OPM-AB,Oriental Petroleum and Minerals Corporation,O,0.0086,200000000000,1720000000,Mining and Oil,Oil,January-December,938000000,1013000000,675000000,2932000000,4667000000,,34000000,,79000000,4588000000,4588000000,170948300,-150977400,,92913700,92913700,71949300,57539200,-46798100,379530100,,,,-100509300,-100563700
ORE,"Oriental Peninsula Resources Group, Inc.",O,0.49,2878500005,1410465002,Mining and Oil,Mining,January-December,36000000,1856000000,1888000000,1221000000,7034000000,,231000000,,385000000,6499000000,6649000000,267305400,-400973600,-7215700,-466131800,-472249500,82944100,-116121100,-1132800,24990300,,-1606334,,,1493666
OV,The Philodrill Corporation,O,0.0077,191868805358,1477389801,Mining and Oil,Oil,January-December,416000000,768000000,472000000,887000000,3544000000,,40000000,,75000000,3469000000,3469000000,192315100,-261982100,41402800,-238165400,-238165400,61272800,-146407200,-32799400,-70902900,-10000000,,,-131100,-10131100
PX,Philex Mining Corporation,O,2.38,4940399068,11758149782,Mining and Oil,Mining,January-December,545000000,3079000000,3200000000,4316000000,38090000000,2589000000,4925000000,7835000000,15067000000,23023000000,23023000000,6574000000,124000000,-121000000,-752000000,-752000000,1464623000,2780744000,-1619772000,-3028106000,1033800000,-1449300000,,-1363000,527475000
PXP,PXP Energy Corporation,O,7.1,1960000000,13916000000,Mining and Oil,Oil,January-December,188000000,240000000,6000000,,6969000000,1000000,44000000,5000000,1318000000,3296000000,5651000000,49201000,-121492000,,-315226000,-344576000,17115000,-33176000,-63283000,-64069000,,-1385800000,,,-1297000
SCC,Semirara Mining and Power Corporation,O,12.68,4250547620,53896943822,Mining and Oil,Mining,January-December,3722000000,21316000000,47801000000,45000000,71954000000,7164000000,16583000000,14405000000,31840000000,40114000000,40114000000,41786000000,9381000000,,8877000000,8877000000,6675000000,21824000000,-7042000000,-13178000000,2825200000,-4392200000,-252000000,-10626000000,-8087000000
UPM,United Paragon Mining Corporation,O,0.0038,261314797080,992996229,Mining and Oil,Mining,January-December,0,23000000,995000000,,1116000000,26000000,1157000000,,1158000000,-42000000,-42000000,,-7635100,,-54610500,-54610500,301100,-6781500,-2713800,-2759400,200000,,,,9250000
ALCO,Arthaland Corporation,O,0.55,5318095199,2924952359,Property,Property,January-December,4313000000,,282000000,7284000000,23352000000,,,12108000000,15890000000,7116000000,7461000000,3958000000,888000000,,995000000,1293000000,11769504,-4256548500,-52131000,-1196309800,1057714000,-23000000,,-255803500,7806957400
ALHI,"Anchor Land Holdings, Inc.",O,8.98,1040001000,9339208980,Property,Property,January-December,1264000000,11867000000,1811000000,13861000000,31921000000,3581000000,8489000000,14527000000,24181000000,7748000000,7740000000,6492000000,789000000,,860000000,853000000,59995900,2617803500,-737061600,-5272216300,2819500000,-3041700000,,-110933400,2871196300
ALI,"Ayala Land, Inc.",O,34,14715550101,500328703434,Property,Property,January-December,23222000000,,56566000000,249487000000,718556000000,52808000000,,195275000000,473761000000,212112000000,244795000000,156542000000,46006000000,975000000,30187000000,34257000000,2024000000,4402000000,-11187000000,-27203000000,18209000000,-15342000000,-812000000,-7871000000,25433000000
ARA,"Araneta Properties, Inc.",O,1,1951387570,1951387570,Property,Property,January-December,6000000,,8000000,1047000000,1989000000,58000000,,58000000,241000000,1748000000,1748000000,53767200,-17653300,,-2733400,-2733400,1242284,-21719800,23099600,42132100,-32800000,-66085000,,,-50469800
BEL,Belle Corporation,O,1.43,9763126297,13961270605,Property,Property,January-December,2822000000,10446000000,1037000000,23952000000,42401000000,2429000000,4917000000,4450000000,12554000000,26796000000,29847000000,7026000000,3611000000,,2517000000,2801000000,1104000000,4119000000,-57000000,-275000000,3646000000,-4691000000,-191000000,-1524000000,-2820000000
BRN,"A Brown Company, Inc.",O,0.74,2477667911,1833474254,Property,Property,January-December,213000000,2967000000,899000000,1645000000,5843000000,571000000,1205000000,597000000,1905000000,3933000000,3938000000,760602000,240866500,330702600,408701800,408699400,12127300,-496675200,4159600,477323000,310565800,-787054100,,,25609100
CDC,Cityland Development Corporation,O,0.74,4403739084,3258766922,Property,Property,January-December,2546000000,,66000000,3043000000,10702000000,1153000000,,5000000,2082000000,7523000000,8620000000,2292844100,909783900,,694532600,788029200,46697201,-41978700,-4118600,1104421200,4368600000,-4529700000,,-215853900,109948100
CEI,"Crown Equities, Inc.",O,0.121,14959999950,1810159994,Property,Property,January-December,540000000,847000000,255000000,1131000000,2356000000,,165000000,,193000000,2007000000,2163000000,228999300,31973500,,15940800,33287500,15193800,-373400,-1645200,-41328000,35000000,-35000000,,,-40909600
CHI,"Cebu Holdings, Incorporated",O,6.18,2156756631,13328755980,Property,Property,January-December,376000000,,256000000,21573000000,29910000000,77000000,,6254000000,17353000000,9759000000,12557000000,4878000000,1970000000,243000000,1796000000,1873000000,143801000,3069000000,18000000,-2620000000,,-65000000,,-324000000,-388000000
CLI,"Cebu Landmasters, Inc.",O,4.3,1632030000,7017729000,Property,Property,January-December,619000000,,1436000000,9755000000,41982000000,3166000000,,16003000000,27780000000,7850000000,14202000000,8781000000,3082000000,-5000000,1986000000,2385000000,48063991,-4329435900,-129853500,-1838982300,7652706073,-3102007842,-15767100,-352590000,5567299800
CPG,"Century Properties Group, Inc.",O,0.375,11599600690,4349850259,Property,Property,January-December,4804000000,,2901000000,13557000000,54702000000,6623000000,,12506000000,31895000000,20618000000,22807000000,14404000000,1780000000,11000000,1132000000,1373000000,15251353,2283638000,-688318200,-1123076100,4783331418,-3053227473,,-126201400,1569731600
CPV-AB,Cebu Property Ventures and Development Corporation,S,6.9,940350000,6488415000,Property,Property,January-December,23000000,1136900000,269000000,3305000000,4973000000,60000000,2003100000,1375000000,3767000000,1206000000,1206000000,852470100,317384700,-1561100,277104900,277104900,226600000,497198800,-859100,-433339500,336200000,-401795000,,-20000,-65615000
CYBR,Cyber Bay Corporation,O,0.255,6806878853,1735754108,Property,Property,January-December,0,,,,1097000000,2088000000,,,2128000000,-1031000000,-1031000000,1000,-1748000,,1105000,1105000,,-4637000,-200000,-196000,2800000,,,,2844000
DD,Doubledragon Properties Corp.,O,17.12,2367528600,40532089632,Property,Property,January-December,3117000000,,1032000000,73125000000,113550000000,10805000000,,28577000000,59162000000,43920000000,43920000000,20202000000,17103000000,,9977000000,10651000000,36300000,2110130200,-55730700,-3096486000,3547300000,-3014900000,0,-639445800,3476790900
DMW,"D.M. WENCESLAO & ASSOCIATES, INCORPORATED",O,6.31,3395864100,21427902471,Property,Property,January-December,6976000000,13473000000,429000000,13141000000,31833000000,126000000,8459000000,532000000,10835000000,20432000000,20998000000,3944000000,2400000000,11000000,2312000000,2206000000,158000000,4553000000,-145000000,-4897000000,400000,-9900000,,-405000000,-2167000000
ELI,"Empire East Land Holdings, Inc.",O,0.255,14676199167,3742430788,Property,Property,January-December,1296000000,40577000000,362000000,1980000000,45139000000,865000000,13663000000,599000000,16841000000,25485000000,28298000000,4424000000,405000000,-7000000,627000000,626000000,126269200,11430400,-14137000,341791500,1765700000,-827700000,,,-484296600
EVER,"Ever-Gotesco Resources and Holdings, Inc.",O,0.097,5000000000,485000000,Property,Property,January-December,1000000,,,,2353000000,50000000,,,1344000000,1009000000,1009000000,,-18955600,,-748503600,-748503600,,27700,,,,,,,
FLI,"Filinvest Land, Inc.",O,1,24249759506,24249759506,Property,Property,January-December,5404000000,,8537000000,62461000000,177115000000,9934000000,,60921000000,103540000000,73287000000,73575000000,22699000000,6685000000,366000000,5838000000,6086000000,463200000,5408000000,-8866000000,-8866000000,300000000,-1145300000,,-1482000000,3337000000
GERI,"Global-Estate Resorts, Inc.",O,0.85,10986000000,9338100000,Property,Property,January-December,2621000000,,1183000000,10785000000,49768000000,2643000000,,4402000000,16519000000,27559000000,33249000000,8263000000,2522000000,0,1489000000,1916000000,62500000,666768500,-122000000,-354180400,445000000,-1385400000,,-50000000,537583200
HOUSE,"8990 Holdings, Inc.",O,9.97,5391399020,53752248229,Property,Property,January-December,502000000,49354000000,834000000,1509000000,68136000000,9983000000,15248000000,20904000000,36269000000,31867000000,31867000000,13625000000,5587000000,,5475000000,5475000000,89000000,-7062000000,353000000,-788000000,-2581200000,100000,-1066000000,-1957000000,1534000000
IRC,"Philippine Infradev Holdings, Inc.",O,0.85,6061560322,5152326274,Property,Property,January-December,785000000,,1112000000,21357000000,28582000000,6000000,,1000000,16335000000,12248000000,12248000000,94440600,-21461600,,5257089800,5257089800,494574,-372908800,-828100,-5834500,11539200,-18036006,,,319634800
KEP,"Keppel Philippines Properties, Inc.",O,3.43,293828900,1007833127,Property,Property,January-December,120000000,233000000,26000000,1207000000,1468000000,4000000,98000000,8000000,106000000,1362000000,1362000000,13325900,64748500,-57206000,-110945100,-110945100,4372800,-21227100,-9703100,-10982200,,0,,,-1695700
LAND,"City & Land Developers, Incorporated",O,0.69,1431785284,987931846,Property,Property,January-December,468000000,,,671000000,2515000000,193000000,,,387000000,2127000000,2127000000,579328500,217724000,,183372500,183372500,,-571107200,,156655800,682950000,-225050000,,-56569500,384032500
MEG,Megaworld Corporation,O,3.01,32056275872,96489390375,Property,Property,January-December,23105000000,190506000000,6702000000,118901000000,349633000000,14865000000,57545000000,72662000000,155005000000,168226000000,194628000000,61961000000,23287000000,-59000000,17368000000,18733000000,2718000000,19915000000,-552000000,-12620000000,28587900000,-18955600000,,-2379000000,-1732000000
MRC,"MRC Allied, Inc.",O,0.153,8512658975,1302436823,Property,Property,January-December,1000000,583000000,5000000,,1334000000,25000000,864000000,,874000000,460000000,460000000,,-38170300,,-59129800,-59129800,2730800,-33401700,,4035700,13600000,,,,29983300
PHES,Philippine Estates Corporation,O,0.315,1445549830,455348196,Property,Property,January-December,43000000,1261000000,41000000,14000000,1625000000,63000000,305000000,28000000,531000000,1094000000,1094000000,263607600,24142200,,22098100,22098100,4964600,-13796000,4521400,71311500,78989200,-77094200,,,-25950200
PMT,"Primetown Property Group, Inc.",S,,865824000,320354880,Property,Property,January-December,,351887000000,,,327700000,,1149393000000,,1115800000,-788100000,-788100000,0,,,-4837000000,-4837000000,,-22000000,0,0,,,,,0
PRMX,Primex Corporation,O,1.44,1661666665,2392799998,Property,Property,January-December,14000000,1984000000,8000000,84000000,2175000000,290000000,1193000000,2000000,1223000000,953000000,953000000,142366000,31120400,,36722900,36722900,5073300,-154332900,-3921600,-4092000,132000000,,,-43203300,48796700
RLC,Robinsons Land Corporation,O,17.6,5193830685,91411420056,Property,Property,January-December,9593000000,,11954000000,103891000000,190524000000,8683000000,,36460000000,90446000000,99509000000,100078000000,38979000000,11881000000,-30000000,8979000000,8979000000,2339400000,7875000000,-3553000000,-16323000000,1193000000,-2147300000,,-79000000,2249000000
RLT,Philippine Realty and Holdings Corporation,O,0.232,4922324907,1141979378,Property,Property,January-December,172000000,,116000000,1802000000,5538000000,386000000,,827000000,1835000000,3708000000,3703000000,1766477300,610710300,-6330100,422973500,422241700,12778183,-159369500,-6672200,-157818300,686578545,-407752880,,,439536000
ROCK,Rockwell Land Corporation,O,1.58,6116762198,9664484273,Property,Property,January-December,2959000000,,5224000000,14245000000,58587000000,6986000000,,17028000000,37690000000,20330000000,20897000000,14708000000,3770000000,297000000,2917000000,2901000000,584600000,6547000000,-705000000,-4264000000,8884000000,-5455000000,,-501000000,-650000000
SHNG,"Shang Properties, Inc.",O,2.7,4764056287,12862951975,Property,Property,January-December,1652000000,,13057000000,34636000000,61893000000,2528000000,,3192000000,21823000000,33944000000,40070000000,14626000000,4705000000,3000000,3680000000,4251000000,1579500365,-317000000,1291000000,646000000,2100000000,-5344374971,,-559000000,-2063000000
SLI,"Sta. Lucia Land, Inc.",O,1.81,8196450000,14835574500,Property,Property,January-December,834000000,,43000000,6046000000,38064000000,3128000000,,11474000000,22339000000,15725000000,15725000000,6269000000,2372000000,,1958000000,1958000000,79307977,-1473381300,-41133900,-350925100,5047000000,-3808688200,,,2284492200
SMPH,"SM Prime Holdings, Inc.",O,31.6,28879231694,912583721530,Property,Property,January-December,47933000000,,1350000000,428787000000,688664000000,57269000000,,210540000000,386049000000,300938000000,302615000000,117559000000,46487000000,265900000,37610000000,38190000000,2725900000,41811000000,-8695000000,-60084000000,76093000000,-39501000000,,-10508000000,25952000000
STR,"Vistamalls, Inc.",O,3.7,8425981156,31176130277,Property,Property,January-December,496000000,13715000000,79000000,50520000000,68063000000,1125000000,34015000000,3597000000,43978000000,23958000000,24085000000,6458000000,3402000000,,2579000000,2589000000,1392000000,1020000000,-11191000000,-7822000000,-3262000000,-738500000,,-412000000,6595000000
SUN,"Suntrust Home Developers, Inc.",O,1.33,7250000000,9642500000,Property,Property,January-December,350897900,689120300,48776300,24168300,808580900,,271054900,,311405200,497175700,497175700,651155700,134528600,,102299900,102299900,19247700,102605100,-6227600,-111642800,900000,,,,-1748400
TFC,PTFC Redevelopment Corporation,O,45,35000000,1575000000,Property,Property,September-August,273443300,,1630200,87325400,499835100,,,,75686600,424148400,424148400,203936300,109248200,16588900,127988400,127988400,2000000,96601300,-1534900,11215100,,,,-52194000,-52194000
VLL,"Vista Land & Lifescapes, Inc.",O,3.8,12698007676,48252429169,Property,Property,January-December,16542000000,,2547000000,133732000000,274351000000,11336000000,,135548000000,174398000000,97649000000,99953000000,42897000000,12074000000,,11265000000,11609000000,484000000,-2787000000,-1194000000,-22737000000,951000000,-37000000,-632000000,-3181000000,19453000000
2GO,"2GO Group, Inc.",O,9.57,2462146316,23562740244,Services,Transportation Services,January-December,1621000000,8939000000,6162000000,319000000,17196000000,3865000000,9917000000,3533000000,13801000000,3337000000,3395000000,20686000000,375000000,-42000000,-236000000,-240000000,2297710000,1112435000,-782579000,-542542000,2060000000,-356819000,,,-352834000
ABS,ABS-CBN Corporation,O,15.28,861971968,13170931671,Services,Media,January-December,20729000000,39129000000,27871000000,892000000,85654000000,549000000,16365000000,26747000000,48428000000,37196000000,37226000000,42668000000,4050000000,-31000000,2848000000,2696000000,5376000000,7485000000,-5327000000,-12279000000,4999000000,-6161000000,-55400000,-679000000,-1896000000
ACE,Acesite (Phils.) Hotel Corporation,O,1.24,344747520,427486925,Services,Hotel & Leisure,January-December,64000000,651000000,922000000,22000000,2231000000,,895000000,,1106000000,1125000000,1125000000,9621000,-216631000,,-377476600,-377476600,74355300,-19305100,-657640400,-328273700,185300000,,,,185284300
APC,"APC Group, Inc.",O,0.315,7504203997,2363824259,Services,Other Services,January-December,137000000,139000000,0,14000000,1397000000,,109000000,,112000000,1292000000,1285000000,,-5800300,,-5274600,-5293500,15800,-6430200,-62500,-865500,,,,,
APL,"Apollo Global Capital, Inc.",O,0.05,280336349297,14016817465,Services,Information Technology,January-December,1000000,4000000,0,,3612000000,7000000,99000000,,406000000,2692000000,3207000000,,-13204500,,-12438100,-15045400,65200,-29676400,-10874600,-10721500,7400000,7930044,,,39987000
ATI,"Asian Terminals, Inc.",O,16.9,2000000000,33800000000,Services,Transportation Services,January-December,5637000000,8750000000,1585000000,59000000,31433000000,459000000,5469000000,8371000000,14037000000,17385000000,17396000000,10194000000,4548000000,48000000,3074000000,3077000000,1608000000,3332000000,-3446000000,-3385000000,,19000000,,-1125000000,-2037000000
BCOR,Berjaya Philippines Inc.,O,2.13,4341280855,9246928221,Services,Casinos & Gaming,May-April,856000000,9993000000,4617000000,2850000000,19081000000,4083000000,7769000000,2702000000,10541000000,8526000000,8540000000,31100000000,472000000,-16000000,96000000,102000000,398999600,-543519000,-251866400,-164314000,638800000,-1228800000,,,-590000000
BHI,"Boulevard Holdings, Inc.",O,0.025,12000000000,300000000,Services,Hotel & Leisure,June-May,2000000,53000000,1045000000,901000000,2018000000,4000000,186000000,,308000000,1694000000,1710000000,140647900,-46203600,,-129800,-29521000,59767100,-53944200,-2000900,176900,,,0,,53685100
BLOOM,Bloomberry Resorts Corporation,O,7.58,10959692789,83074471341,Services,Casinos & Gaming,January-December,37774000000,41637000000,83915000000,128000000,128333000000,2083000000,18206000000,66584000000,86193000000,42188000000,42140000000,45005000000,14930000000,-98000000,9121000000,9085000000,3591000000,11596000000,-5494000000,-5528000000,72206000000,-2756000000,-706000000,-3480000000,-5179000000
C,Chelsea Logistics and Infrastracture Holdings Corp.,O,3.72,1821977615,6777756728,Services,Transportation Services,January-December,385000000,4985000000,22915000000,6431000000,41004000000,6125000000,18077000000,10183000000,28551000000,12274000000,12454000000,6991000000,581000000,-483000000,-815000000,-815000000,1272582800,8639207200,-3812414600,-8912528100,597200000,-442900000,,,164636100
CAL,Calata Corporation,S,2.04,570340679,1163494985,Services,Retail,January-December,160700000,1698000000,409200000,,2648000000,703500000,957500000,,986400000,1655200000,1661600000,2369700000,387800000,,146200000,146300000,22000000,-203500000,4400000,-149600000,-50000000,-36100000,,,230600000
CEB,"Cebu Air, Inc.",O,42,600316700,25213301400,Services,Transportation Services,January-December,17473000000,24027000000,121371000000,1167000000,154994000000,17295000000,45572000000,60022000000,113053000000,41941000000,41941000000,79544000000,8023000000,-8000000,4561000000,4561000000,20190000000,20583000000,-22110000000,-19197000000,14975000000,-14902000000,-77000000,-4206000000,-5875000000
CEU,Centro Escolar University,O,6.45,372414400,2402072880,Services,Education,April-March,140000000,527000000,4809000000,152000000,5614000000,,618000000,,1253000000,4355000000,4362000000,1357592200,32447500,,28269000,31217600,91291300,-8519600,-141342100,-116579300,,,,-79319300,-79319300
DFNN,"DFNN, Inc.",O,2.8,324620008,908936022,Services,Information Technology,January-December,491000000,1553000000,84000000,94000000,2139000000,36000000,781000000,7000000,945000000,1086000000,1194000000,1103189700,1225100,-5878300,-14311700,-1418800,83168300,17712400,-41979800,-38517000,-1100000,-2469288,-9704600,-10000000,-17053400
DITO,DITO CME Holdings Corp.,O,3.65,2800000000,10220000000,Services,Information Technology,January-December,159000000,3953000000,0,372000000,4374000000,,0,,0,4374000000,4374000000,-200000,-26909500,-178700,70049300,70049300,63000,-3800680100,0,850474800,,,,,1879700000
DWC,Discovery World Corporation ,O,1.65,664000000,1095600000,Services,Hotel & Leisure,January-December,153000000,399000000,3313000000,652000000,4967000000,1544000000,2310000000,1417000000,3864000000,1103000000,1103000000,960260700,51018300,,-33823100,-33823100,153371100,-44500500,-338408800,-519689300,813000000,-99200000,,,547345500
ECP,"EasyCall Communications Philippines, Inc.",O,7.03,150000000,1054500000,Services,Other Services,January-December,22138800,68725500,51687900,121965600,243132100,,45795900,,47715600,195416500,195416500,68446800,3416500,47337000,48310500,48616200,4535500,86708200,-34772000,-83866000,,,,,-4096200
EG,"IP E-Game Ventures, Inc.",S,0.0094,30000000000,282000000,Services,Casinos & Gaming,January-December,0,216000000,,2509000000,2766000000,,107000000,,107000000,2659000000,2659000000,188459600,571500,-17218300,-1372800,-1372800,4895200,50331200,-10464000,-651100,3900000,-48300000,,,-44359000
FEU,"Far Eastern University, Incorporated",O,777,24056437,18691851549,Services,Education,June-May,3466000000,5031000000,9206000000,843000000,15493000000,889000000,3328000000,1664000000,5073000000,7611000000,10420000000,3797000000,987000000,0,1050000000,1104000000,435508900,1024503400,-1210672700,-101513200,,,-1116600,-288728300,156583900
GLO,"Globe Telecom, Inc.",O,2130,133432727,284211708510,Services,Telecommunications,January-December,14519000000,70480000000,190186000000,34172000000,318175000000,19591000000,90529000000,128924000000,233585000000,84442000000,84590000000,167215000000,45381000000,-2746000000,22118000000,22149000000,35183000000,63049000000,-52927000000,-56332000000,14852000000,-8515000000,,-13258000000,-7915000000
GMA7,"GMA Network, Inc.",O,4.87,3361047000,16368298890,Services,Media,January-December,2768000000,10551000000,5570000000,446000000,17186000000,1218000000,4911000000,,7605000000,9514000000,9581000000,16312000000,3824000000,6000000,2523000000,2540000000,568000000,2574000000,-734000000,-619000000,500000000,-1200000000,,-2175000000,-2157000000
GPH,Grand Plaza Hotel Corporation,O,13.72,53717369,737002303,Services,Hotel & Leisure,January-December,343000000,486000000,612000000,50000000,1251000000,4000000,222000000,171000000,393000000,858000000,858000000,438664500,16807600,1641800,7400500,7400500,41371500,84999100,-104970300,-104970300,-63318800,-2539665,,,110995300
HOME,AllHome Corp.,O,7.27,3750000002,27262500015,Services,Retail,January-December,1267000000,8036000000,11409000000,,20075000000,609000000,2464000000,4476000000,7390000000,12685000000,12685000000,13046000000,1702000000,,1113000000,1113000000,793770800,1675415400,-3447515500,-3447515500,,0,,-25570400,2936487400
HVN,"Golden Bria Holdings, Inc.",O,281.2,644117649,181125882899,Services,Other Services,January-December,702000000,19283000000,379000000,539000000,22968000000,3085000000,12506000000,827000000,15216000000,7753000000,7753000000,7614000000,2360000000,,2216000000,2216000000,102257200,-1781729600,-194794400,-367743200,2643038000,-535067000,,,2581332700
ICT,"International Container Terminal Services, Inc.",O,101.2,2002391699,202642039939,Services,Transportation Services,January-December,22897000000,34603000000,88847000000,22821000000,286499000000,18516000000,43008000000,209887000000,263198000000,13928000000,22908000000,82652000000,30138000000,-985000000,1616000000,3279000000,11974000000,28112000000,1291000000,-10297000000,27878000000,-33603000000,-1799000000,-11296000000,-9376000000
IMP,"Imperial Resources, Inc.",O,1.23,652500000,802575000,Services,Information Technology,January-December,2625900,2644600,10800,785080000,855494600,,2005800,,44828700,810903900,810665900,0,1988300,,227849800,227846100,20500,-6594100,,,2300000,,0,,6144000
IPM,"IPM Holdings, Inc..",O,4.9,690000000,3381000000,Services,Other Services,January-December,11000000,1037000000,114000000,189000000,1402000000,92000000,229000000,,258000000,779000000,1144000000,223852500,93305700,5651600,43638600,58958100,48692600,59219800,-37481900,-27099700,,-1000000,,,-26100000
IPO,"iPeople, inc.",O,8.83,1044263197,9220844030,Services,Education,January-December,1381000000,2378000000,12336000000,,15615000000,1157000000,3095000000,1880000000,5763000000,9314000000,9852000000,2498183400,368438800,,225936700,252010500,789475500,1292015100,-2869836900,-1979410700,5060700000,-2107900000,,-161468600,1414043100
IS,"Island Information & Technology, Inc.",O,0.074,4885748685,361545403,Services,Information Technology,November-October,46800,1363700,69000,17065000,18512600,,9001300,,126722500,-108209900,-108209900,100000,-1131700,,-495900,-495900,36000,-50700,,,0,,,,194100
JAS,"Jackstones, Inc.",O,1.75,250059097,437603419.8,Services,Information Technology,January-December,18309200,82992400,390000,,85050600,,64853600,,64871900,20178700,20178700,,-6561100,,-5500000,-5500000,32900,-40187200,-337100,-337100,-4200000,,,,1788700
LBC,"LBC Express Holdings, Inc.",O,13.16,1425865471,18764389598,Services,Transportation Services,January-December,4534000000,8193000000,3938000000,626000000,14336000000,953000000,5294000000,2867000000,10875000000,3434000000,3461000000,14974000000,1379000000,30000000,593000000,555000000,1050582300,1643303800,-1028203800,104414900,266600000,-50330400,,-55798400,-715286400
LOTO,Pacific Online Systems Corporation,O,1.89,895330946,1692175488,Services,Casinos & Gaming,January-December,403000000,846000000,132000000,202000000,1441000000,145000000,235000000,2000000,271000000,1165000000,1170000000,876171000,-355662100,,-328269800,-330524700,195653700,-245222200,-79249600,109135800,0,8439600,-16606800,-337273100,18346400
LR,Leisure & Resorts World Corporation,O,1.51,2417500000,3650425000,Services,Casinos & Gaming,January-December,2581000000,4218000000,1560000000,12664000000,20943000000,1213000000,3285000000,3368000000,7543000000,12919000000,13400000000,10434000000,-74000000,175000000,247000000,248000000,468399000,-500280100,-433697400,-399250700,870500000,-442800000,1005900,-121259100,3197751300
LSC,Lorenzo Shipping Corporation,O,0.77,554642251,427074533,Services,Transportation Services,January-December,43000000,1528000000,1348000000,,2894000000,641000000,2063000000,337000000,2493000000,402000000,402000000,2863613000,-90246800,,-120289600,-120289600,217047800,56416200,-129881900,100167700,54879200,-202042200,,,-252563000
MAC,MacroAsia Corporation,O,6.28,1575798693,9896015792,Services,Transportation Services,January-December,737000000,4370000000,3076000000,3527000000,12393000000,1066000000,3194000000,2469000000,5948000000,6023000000,6444000000,6567000000,262000000,912000000,918000000,984000000,297054600,-387040300,-431184800,-400829200,648575000,-135165400,-283036100,-317601400,-183251000
MAH-AB,Metro Alliance Holdings & Equities Corp.,O,2.395,306122449,733163265,Services,Transportation Services,January-December,34498700,216906100,8523300,24646300,626782800,,343120900,,472833400,111168200,153949400,321910400,23920700,,7090600,16457300,3464700,-2519000,-3551300,379400,,-300000,,,-2338400
MB,Manila Bulletin Publishing Corporation,O,0.36,3466139072,1247810066,Services,Media,January-December,56000000,3151000000,2438000000,95000000,5979000000,467000000,1382000000,1000000000,2382000000,3597000000,3597000000,1541629400,68786300,,14418600,14418600,62970900,30281400,-4412600,-29065300,537600000,-624000000,,,-10258900
MBC,Manila Broadcasting Company,O,13,402682990,5234878870,Services,Media,January-December,78000000,918000000,1110000000,208000000,2452000000,81000000,560000000,361000000,1057000000,1205000000,1395000000,989272200,164308700,,112626400,112626400,33067800,209387200,-208218700,-199926900,-29737500,-2000000,,-120683100,11669400
MJC,"Manila Jockey Club, Inc.",O,2.7,1494241674,4034452520,Services,Casinos & Gaming,January-December,520000000,1251000000,816000000,3196000000,5347000000,,439000000,315000000,1492000000,3795000000,3855000000,1550370300,232633700,-94970700,77994700,72930600,95505600,-127488000,-46871300,339044400,75000000,-34100000,,1793400,69675000
MRP,Melco Resorts and Entertainment (Philippines) Corporation,O,7.25,5687270800,41232713300,Services,Casinos & Gaming,January-December,7644100000,10618500000,21174500000,,34100500000,2023500000,10772100000,14651000000,25698800000,8401700000,8401700000,32579800000,4878500000,,2416800000,2416800000,4004600000,11919900000,-1791800000,-2030000000,,-9375800000,,,-9714400000
MRSGI,"Metro Retail Stores Group, Inc.",O,1.62,3429375000,5555587500,Services,Retail,January-December,2452000000,8704000000,12172000000,,22112000000,1308000000,5673000000,6613000000,12868000000,9244000000,9244000000,37557000000,437000000,,635000000,635000000,2047000000,3651000000,-1998000000,-2398000000,,5000000,,-206000000,-1870000000
NOW,Now Corporation,O,2.06,1672572468,3445499284,Services,Information Technology,January-December,11000000,651000000,14000000,1538000000,2205000000,70000000,337000000,50000000,390000000,1818000000,1815000000,222244600,21520700,,8989500,9250900,11241100,24524800,-6946100,-58411300,-11921437,-194700,,,28575200
PAL,"PAL Holdings, Inc.",O,6.55,11610978242,76051907485,Services,Transportation Services,January-December,5126000000,52958000000,236359000000,11118000000,327768000000,41132000000,117120000000,176653000000,317258000000,-14307000000,10510000000,147340000000,-6261000000,,-18857000000,-18286000000,25586000000,22052000000,-10999000000,7884000000,597300000,10758000000,,,-32763000000
PAX,"Paxys, Inc.",O,2.09,1148534866,2400437870,Services,Other Services,January-December,3810000000,3877000000,47000000,,3934000000,14000000,45000000,24000000,82000000,3851000000,3851000000,82952000,-80264000,,26375000,26375000,15574000,40088000,-1129000,737631000,,-15182000,,,-11482000
PGOLD,"Puregold Price Club, Inc.",O,44,2884232615,126906235060,Services,Retail,January-December,16351000000,38640000000,45121000000,623000000,108724000000,660000000,12213000000,30517000000,45061000000,63663000000,63663000000,163812000000,9736000000,14000000,7052000000,7052000000,4112000000,8180000000,-20000000,-2592000000,416400000,-3212000000,,-1148000000,-2766000000
PHA,Premiere Horizon Alliance Corporation,O,0.21,1990480889,418000987,Services,Other Services,January-December,56000000,2797000000,324000000,,3699000000,864000000,1862000000,923000000,2977000000,259000000,722000000,486684700,-152737600,,-419557400,-516244900,132067000,-257336000,-235362100,30596900,114870000,-49950200,,,199957300
PHC,Philcomsat Holdings Corporation,S,1.4,996391254,1394947756,Services,Other Services,January-December,258000000,,0,981000000,1478000000,,,,30000000,1448000000,1448000000,55869800,26191200,,26580900,26580900,-200000,58614000,-249100,-144640500,-2600000,,,,1372500
PHR,"PH Resorts Group Holdings, Inc.",O,2.64,4793266504,12654223571,Services,Casinos & Gaming,January-December,39000000,1796000000,6987000000,898000000,10645000000,3887000000,7992000000,2123000000,10278000000,367000000,367000000,132247900,-283428500,,-486575300,-486575300,-3990300,356702000,-4532781300,-6511221800,,0,,32000,6456923100
PLC,Premium Leisure Corp.,O,0.325,31216931000,10145502575,Services,Casinos & Gaming,January-December,2087000000,6673000000,150000000,507000000,18280000000,157000000,1727000000,9000000,1785000000,15990000000,16495000000,3573000000,1638000000,,2106000000,1940000000,485194400,2540593800,-75240100,-174761800,,-74065600,-191000000,-1528773500,-1679796200
PORT,"Globalport 900, Inc.",S,7.3,2156049400,15739160620,Services,Transportation Services,January-December,,693500000,,,5925000000,,355600000,,1277000000,3894000000,4648000000,1357287200,,,416881600,416881600,120133333,336472000,-175370533,-144984000,,,,,-184701467
PRC,"Philippine Racing Club, Inc.",O,8.39,546627296,4586203013,Services,Casinos & Gaming,January-December,656000000,2946000000,427000000,1960000000,6133000000,119000000,842000000,871000000,2256000000,3885000000,3877000000,1994000000,1084000000,,601000000,601000000,80283500,780889100,-8080400,89578300,,-449423273,-80200,-37150800,-586591500
PTT,Philippine Telegraph and Telephone Corporation,S,,1500000000,263999580,Services,Telecommunications,January-December,18128000,478192000,179384000,225708000,924921000,8062000,1384764000,20768000,1717259000,-792338000,-792338000,428104700,-12806300,,-47640800,-47640800,47308400,85249300,-24076300,-24076300,,,,,-54588300
RRHI,"Robinsons Retail Holdings, Inc.",O,62,1572287770,97481841740,Services,Retail,January-December,18526000000,42709000000,44569000000,19520000000,129543000000,4824000000,24727000000,25088000000,52308000000,72737000000,77235000000,165628000000,6263000000,120000000,4014000000,4561000000,7714000000,11946000000,-3144000000,5624000000,615032534,0,-41000000,-1445000000,-10849000000
RWM,"Travellers International Hotel Group, Inc. ",S,5.42,15755874850,85396841687,Services,Casinos & Gaming,January-December,10427000000,18202000000,81698000000,5810000000,112524000000,8071000000,17986000000,41690000000,66211000000,46100000000,46313000000,23138000000,-201000000,463000000,598000000,593000000,2737000000,100000000,-10764000000,-11363000000,34906200000,-24500000000,,-187000000,13720000000
SBS,SBS Philippines Corporation,O,4.81,1549999999,7455499995,Services,Other Services,January-December,1213000000,4251000000,95000000,3233000000,8267000000,1343000000,1372000000,1200000000,3304000000,4905000000,4963000000,1234151500,188357200,123870800,185536300,184096800,22786700,-2318060100,-100557300,55302700,800000000,-870000000,,-34100000,2191075700
SEVN,Philippine Seven Corporation,O,125.8,756418283,95157420001,Services,Retail,January-December,6069000000,12615000000,14280000000,2000000,29682000000,3621000000,13957000000,6725000000,21541000000,8141000000,8141000000,54516000000,1909000000,,1437000000,1437000000,3875000000,9475000000,6819000000,6786000000,-10155000000,-519000000,,-378000000,-12762000000
SSI,"SSI Group, Inc.",O,1.16,3298408430,3826153779,Services,Retail,January-December,1358000000,14194000000,2716000000,641000000,19167000000,5012000000,7429000000,63000000,7892000000,11275000000,11275000000,22356000000,927000000,66000000,922000000,922000000,639809700,51684700,-592310900,-657368100,21742500000,100,-2644300,-49957300,-52601500
STI,"STI Education Systems Holdings, Inc.",O,0.305,9904806924,3020966112,Services,Education,April-March,1110000000,3027000000,10098000000,1914000000,15553000000,306000000,2032000000,4473000000,6958000000,8505000000,8595000000,2708833700,348262100,2871800,158812800,157753200,516827600,610844300,-700663500,-765161700,0,39093500,,-1521100,123022200
TBGI,Transpacific Broadband Group Int`l. Inc.,O,0.175,3795622000,664233850,Services,Information Technology,January-December,5695200,7871100,106781900,469949100,594339300,5500000,31585500,,47895300,546443900,546443900,36884900,-931700,-613300,699900,699900,15152600,36130900,-50016400,-50016600,5500000,-48800000,,,11859200
TEL,PLDT Inc.,O,1250,216055775,270069718750,Services,Telecommunications,January-December,44774000000,91191000000,258577000000,59244000000,547634000000,50770000000,236013000000,178751000000,434605000000,108721000000,113029000000,173454000000,45395000000,-1697000000,21725000000,22038000000,41334000000,62478000000,-86494000000,-86119000000,45181000000,-17293000000,,-15595000000,10063000000
TUGS,"Harbor Star Shipping Services, Inc. ",O,0.81,894586870,724615365,Services,Transportation Services,January-December,326000000,1504000000,2392000000,162000000,6248000000,1273000000,1499000000,3165000000,4752000000,1488000000,1496000000,1430923100,39968400,3046300,-116056400,-105653200,342628100,-41064900,-1428445400,-746767300,3443648000,-1591138997,-37615000,,928976200
WEB,PhilWeb Corporation,O,2.29,1435776680,3287928597,Services,Information Technology,January-December,33689600,407983600,215648100,,780808000,236162100,397252300,78543100,522455000,258353000,258353000,546389900,382065300,,-78808200,-76459400,94026400,80906600,10613400,-104073200,50003125,-92200000,,,18880200
WLCON,"Wilcon Depot, Inc.",O,15,4099724116,61495861740,Services,Retail,January-December,3932000000,14895000000,10576000000,,26267000000,1542000000,7625000000,4144000000,12018000000,14249000000,14249000000,24333000000,2890000000,,1969000000,1969000000,1381000000,2925000000,-2286000000,-2294000000,,109000000,,-656000000,-1637000000
WPI,"Waterfront Philippines, Incorporated",O,0.39,2498991753,974606784,Services,Hotel & Leisure,January-December,732000000,5090000000,5002000000,22000000,12136000000,375000000,2951000000,,6340000000,5109000000,5796000000,1865859800,50544600,,-83813700,-249628000,294364400,-318654000,-644699400,-1895542600,0,-650036994,,,2815196600
APVI,"Altus Property Ventures, Inc.",O,,100000000,,"Small, Medium & Emerging Board",SME,January-December,,,,,,,,,,,,,,,,,,,,,,,,,
DNA,Philab Holdings Corp.,S,2.86,2062276060,5898109532,"Small, Medium & Emerging Board","Small, Medium & Emerging Board",January-December,6000000,1056000000,56000000,,1932000000,982000000,1786000000,149000000,1987000000,-46000000,-56000000,38801400,-62113600,,-205972000,-208616600,2876400,5519300,-1100000,14455500,,,,,-18991000
IDC,Italpinas Development Corporation,O,2.12,434185375,920472995,"Small, Medium & Emerging Board","Small, Medium & Emerging Board",January-December,48000000,1379000000,7000000,143000000,1552000000,123000000,542000000,361000000,990000000,562000000,562000000,495587200,193263300,6500000,123867500,123867500,3049600,-336146800,-5999100,-5999100,226800000,96805381,,,342870900
KPPI,"Kepwealth Property Phils., Inc.",O,6.1,201057609,1226451415,"Small, Medium & Emerging Board","Small, Medium & Emerging Board",January-December,,,,,,,,,,,,,,,,,,,,,,,,,
MFIN,Makati Finance Corporation,O,1.9,262948243,499601662,"Small, Medium & Emerging Board","Small, Medium & Emerging Board",January-December,63000000,,73000000,,1307000000,717000000,,,774000000,533000000,533000000,193362000,46384100,,25434000,25434000,2302355,-232991900,-7202000,-7202000,99410918,-71542609,,-1376000,243190000
X,Xurpas Inc.,O,0.62,1871830210,1160534730,"Small, Medium & Emerging Board","Small, Medium & Emerging Board",January-December,281000000,396000000,15000000,452000000,2812000000,55000000,617000000,0,798000000,2090000000,2014000000,1295095500,-477675400,-29522300,-1246025800,-1277656900,87975600,-591300900,-30047200,659520800,1029500,-212400000,,-14119600,76967200
MM,MerryMart Consumer Corp.,O,3.51,7594936709,26658227849,SME,SME,January-December,270308600,509938300,340059300,,914634600,163138300,382586600,117478000,806390900,108243700,108243700,2503000000,43000000,,28000000,28000000,18400500,51355800,-251057600,-251057600,,,,,449102500
